Size,Influence,NodeRuntime,InfRuntime
0,0,0.1103689079999981,2.23235959
1,9,0.12847889300000048,2.317286616
2,2,0.11075699799999938,2.5949009139999992
3,11,0.12539664500000214,2.482430376000001
4,17,0.13924428300000358,2.617878469999999
5,5,0.11381996600000122,2.6028068639999997
6,57,0.21147948800000194,2.5619794260000006
7,15,0.12708757000000048,2.280958878
8,16,0.13282424299999462,2.4278266650000013
9,37,0.1707672020000004,2.397475225000001
10,22,0.13830913600000372,2.499009031
11,89,0.28398937200000063,2.3120529150000024
12,173,0.44582831999999684,2.4276451540000004
13,23,0.15035719600000164,2.497347568000002
14,39,0.1724037179999982,2.6684584719999975
15,68,0.2329382320000022,2.247426788999995
16,37,0.16353108700000263,2.342966625999999
17,65,0.21176518299999714,2.2957220890000016
18,60,0.20915496899999653,2.3155358759999984
19,198,0.4859680209999979,2.2249002140000016
20,123,0.3252467639999992,2.288301256000004
